Pair,Liquidity New,Liquidity Old,Volume 24h New,Volume 24h Old,Ascending Triangle,Whale Activity,Divergence Up
SNAKE/SOL,14564.57,14391.92,20260.03,21818.81,False,False,False
$ALPHA/WETH,47033.31,50305.97,47792.15,48052.31,False,False,False
META/WETH,23233.52,23052.77,29766.5,29699.71,False,False,False
META/USDC,1010835.32,1010835.32,11875.81,11875.81,False,False,False
META/SOL,7643.76,7640.68,295233.73,295230.59,False,False,False
LIVE/WETH,24191.75,25139.24,15727.6,15630.62,False,False,False
PHY/SOL,132244.14,132684.68,26561.96,26916.68,False,False,False
PHY/USDC,3909370.45,3909370.45,158033.57,158033.57,False,False,False
PHY/USDT,7984.12,8206.82,10907.83,11231.01,False,False,False
CYB/WBNB,52756.01,50503.78,39963.88,39760.95,False,False,False
IMO/WETH,3130480.86,3082507.66,24070.28,24501.24,False,False,False
BOOK/WBNB,686436.75,670293.4,15411.5,15235.14,False,False,False
FISH/TON,380581.18,379492.73,10140.92,10858.59,False,False,False
SHELL/WBNB,396383.86,390175.12,24640.81,24378.88,False,False,False
SOL/WHALE,30537.82,31497.72,28346.66,29125.0,False,False,False
FLOKI/WBNB,19428994.63,19293699.95,1039386.39,1018887.17,False,False,False
FLOKI/WETH,20245661.3,20124535.7,2475046.08,2476354.42,False,False,False
KEY/USDT,380761.21,380660.16,30388.76,30727.8,False,False,False
SEED/SOL,14657.3,12983.03,166406.27,212325.65,False,False,False
SIM/WETH,168102.88,164166.35,13457.29,12891.68,False,False,False
SCR/USDC,492635.51,492601.15,366555.44,367303.53,False,False,False
SCR/WETH,279620.72,278357.99,281638.77,278312.53,False,False,False
SOL/VOID,132949.13,132591.14,52424.14,52234.67,False,False,False
EXTRA/WETH,292981.22,291024.33,10843.33,10921.01,False,False,False
RAY/SOL,10478951.64,10497367.57,3725855.19,3734522.53,False,False,False
RAY/USDC,8394195.63,8405272.82,4896150.25,4918361.14,False,False,False
RAY/USDT,2149804.35,2158773.54,1226012.37,1228818.26,False,False,False
MSOL/RAY,318332.12,318007.27,90948.9,89794.2,False,False,False
RAY/SLERF,154868.32,152143.59,12444.8,12098.67,False,False,False
MAGA/WETH,1255923.27,1247763.45,18442.95,17765.63,False,False,False
LVL/SOL,6491.47,7337.43,77591.52,77545.64,False,False,False
SUSD/USDC,1684891.95,1684894.57,39094.65,69181.39,False,False,False
DAI/SUSD,132542.61,132542.61,10356.17,10574.33,False,False,False
SUSD/SUSDE,5965889.34,5941699.29,321907.86,333371.11,False,False,False
SUSD/WETH,448601.54,447690.93,26282.74,25620.24,False,False,False
CRVUSD/SUSD,23190.53,23175.16,11518.84,11963.93,False,False,False
BAT/LEGIT,5106010.26,5206099.15,35397.96,21257.31,False,False,False
BAT/WETH,138442.87,138332.41,73966.02,73820.79,False,False,False
BAT/ETH,55666.08,55666.08,32788.13,32788.13,False,False,False
CHEF/SOL,103599.62,98075.17,43825.17,43548.6,False,False,False
ROT/WETH,33909.77,34382.2,32141.96,31844.92,False,False,False
LINGO/WETH,999443.49,999718.93,37641.96,37824.11,False,False,False
USDT/VINU,54388.76,54395.89,72640.02,73468.02,False,False,False
VINU/WBNB,23323.78,23253.51,15570.77,15699.55,False,False,False
PAWS/USDC,377412.62,381408.52,84316.16,85669.48,False,False,False
QUEST/SOL,21864.2,21864.2,26747.49,26747.49,False,False,False
SAO/SOL,30977.19,31457.93,42406.0,40853.92,False,False,False
KISHU/WETH,991757.71,985996.4,11135.81,10867.57,False,False,False
APPLE/SOL,117122.27,140067.62,1278792.38,8028298.33,False,False,False
CBBTC/EDGE,5453997.08,5339816.97,9750372.56,10213908.12,False,False,False
EDGE/MAMO,424749.54,408138.22,242416.43,256087.19,False,False,False
EDGE/WETH,1364997.68,1352827.57,67775.42,84562.65,False,False,False
DEFINITIVE/EDGE,412368.36,432996.31,61889.67,54105.15,False,False,False
CATE/WBNB,965717.4,959951.11,20327.35,25634.42,False,False,False
CATE/SOL,28410.96,29802.21,16293.25,16673.35,False,False,False
ELON/SOL,380496.04,375337.58,30136.75,29764.16,False,False,False
CRCLX/ELON,86396.41,86620.2,48621.98,50161.95,False,False,False
ELON/MSTRX,58308.49,58158.12,54066.37,55457.76,False,False,False
ELON/WCRO,193315.31,190616.67,11860.77,10618.27,False,False,False
ELON/WETH,13933380.66,13807225.79,227991.51,218237.33,False,False,False
ELON/USDC,5750350.05,5699089.64,46574.81,43397.52,False,False,False
NOM/SOL,162266.64,162054.42,52198.56,53975.78,False,False,False
IN/WETH,998828.03,1001011.72,5154829.53,5770518.26,False,False,False
IN/WBNB,1600274.18,1595223.03,30466473.45,30586959.96,False,False,False
IN/USDT,6000.43,6010.4,23365.28,24129.98,False,False,False
SHRIMP/SOL,51174.53,50563.98,95086.75,93561.31,False,False,False
GM/USDT,420322.4,420305.35,31287.0,31611.61,False,False,False
GM/SOL,45996.71,45461.31,14943.16,16080.59,False,False,False
RLB/WETH,1213854.69,1215113.81,309166.54,310931.95,False,False,False
RLB/USDT,2131794.28,2126735.19,142014.92,145571.1,False,False,False
RLB/USDC,1722878.74,1718478.58,127596.35,126496.75,False,False,False
SOL/URA,77233.93,77714.78,58915.46,58210.4,False,False,False
SIN/WBNB,79300.39,78973.46,20585.74,19593.43,False,False,False
NYAN/SOL,462145.54,456522.47,78199.28,78001.4,False,False,False
NYAN/USDC,7151.1,0.0,12332.44,0.0,False,False,False
OLY/USDT,11479351.44,11479351.44,20002.02,20002.02,False,False,False
NPC/WETH,6766101.83,6719784.06,984084.99,1070419.03,False,False,False
NPC/WBNB,812863.7,807623.75,97197.62,95656.48,False,False,False
NPC/SOL,1259917.35,1246229.04,125037.01,128114.36,False,False,False
VVS/WCRO,107305503.19,106007103.79,214271.86,212138.77,False,False,False
USDC/VVS,1100140.74,1092587.89,112893.68,111592.46,False,False,False
USDT/VVS,649508.52,646830.95,36436.87,35656.46,False,False,False
LION/VVS,597925.46,593340.34,19530.01,19606.07,False,False,False
FM/VVS,499780.02,490526.72,33449.63,35519.21,False,False,False
CROID/VVS,318682.32,315089.17,19103.51,18758.3,False,False,False
VNO/VVS,510890.32,510890.32,25871.79,25889.48,False,False,False
FUL/VVS,551117.07,546309.41,13764.74,13987.92,False,False,False
TONIC/VVS,516092.84,510017.33,10062.79,10247.43,False,False,False
USC/VVS,739408.41,731804.11,30744.66,30303.51,False,False,False
PEPE/VVS,150898.25,150942.17,10114.78,10114.78,False,False,False
NFD/WETH,2802703.07,2776458.15,139669.75,131480.65,False,False,False
ASTR/USDC.E,290053.02,289069.67,360941.54,362142.47,False,False,False
ASTR/WETH,382399.34,381478.54,33017.51,35305.44,False,False,False
ASTR/ETH,130242.51,130020.71,14380.48,22481.73,False,False,False
ASTR/USDC,211015834.8,211015834.8,66671.34,66671.34,False,False,False
LIGHT/SOL,2715456.51,2526768.88,8377238.74,8145684.85,False,False,False
LIGHT/VIRTUAL,79943.67,79478.03,46728.3,47726.37,False,False,False
LIGHT/USDC,9280.55,8741.79,152268.34,166255.46,False,False,False
BACK/SOL,26864.91,26864.91,36161.28,36161.28,False,False,False
GEM/SOL,64543.11,64633.71,13057.84,14620.43,False,False,False
SOL/SPDR,7270.8,7270.8,29141.13,29141.13,False,False,False
MM/WBNB,1694574.55,1681040.59,8498190.2,8535496.94,False,False,False
PX/TON,424346.95,423324.3,51424.12,50912.67,False,False,False
PX/SOL,15910.24,16555.58,36636.84,35656.24,False,False,False
VVV/WETH,11138817.16,11006544.12,1142064.67,1258712.72,False,False,False
USDC/VVV,36107.51,35773.48,43950.38,44741.78,False,False,False
RSR/WETH,728221.32,728390.8,40862.35,41977.37,False,False,False
EUSD/RSR,3767340.77,3727619.75,720571.01,733775.93,False,False,False
ETH+/RSR,3896785.86,3909482.6,206873.43,205973.93,False,False,False
BOO/SOL,30605.7,31919.59,44965.51,48264.2,False,False,False
BCC/USDC,52913.49,52913.49,32768.58,32768.58,False,False,False
PRIME/WETH,1117474.02,1115970.37,144254.11,193639.78,False,False,False
GREEN/SOL,84264.92,86520.91,3276460.23,3236836.86,False,False,False
ART/WAVAX,146846.75,143820.92,10216.72,10239.87,False,False,False
FAC/SOL,11323.64,13716.48,249270.87,248971.65,False,False,False
COPE/VIRTUAL,104628.52,102873.3,27135.87,29711.5,False,False,False
COPE/SOL,48549.45,49174.1,15331.76,15110.46,False,False,False
SC/SOL,1101145.9,1087297.38,210467.8,217363.63,False,False,False
AUTOS/WETH,492179.85,493567.49,135368.17,134447.43,False,False,False
ALEPH/SOL,255375.73,253073.07,16617.26,16601.43,False,False,False
ALEPH/WBNB,177874.71,177287.52,11415.23,11647.45,False,False,False
DOGO/WBNB,41148.82,41208.07,215921.29,287107.77,False,False,False
SOL/SPX,4768595.67,4724294.56,2263285.03,2334232.46,False,False,False
SPX/WETH,26829256.8,26616878.54,4963477.51,5243840.74,False,False,False
SPX/USDC,1303086.48,1280258.61,4526323.67,4800289.69,False,False,False
POPCAT/SPX,223951.8,224069.96,42596.87,44132.3,False,False,False
JITOSOL/SPX,152361.92,151375.38,33579.98,34983.95,False,False,False
CBETH/SPX,327047.91,324821.01,73945.76,76879.73,False,False,False
FARTCOIN /SPX,66070.55,0.0,181416.65,0.0,False,False,False
MSOL/SPX,59564.52,59142.08,10886.86,11447.59,False,False,False
JESUS/WETH,1787678.71,1774080.01,38324.31,38917.87,False,False,False
BIO/CRYO,336771.51,336771.51,136726.15,137720.82,False,False,False
CRYO/WETH,317869.23,317869.23,10236.2,10236.2,False,False,False
KITTY/SOL,480746.48,459774.79,413012.13,465897.14,False,False,False
APT/ZUSDC,282733.93,282182.23,123076.21,108151.79,False,False,False
APT/USDT,90933.42,90628.55,12513.53,12293.66,False,False,False
APT/USDC,1811698.64,1805235.25,8791350.22,8812080.68,False,False,False
MEW/SOL,31713908.51,31416656.75,1965517.41,2003226.81,False,False,False
ICE/SOL,39289.32,39041.88,15593.79,15198.89,False,False,False
DRUGS/SOL,251556.22,251399.49,40318.03,39989.41,False,False,False
PSOL/SOL,3977656.94,3964188.89,534579.48,542341.4,False,False,False
TRYB/USDC,174051.47,174051.47,61235.22,61235.22,False,False,False
ADA/FLOW,449349.24,441434.77,44763.03,52506.91,False,False,False
PIXL/WETH,362223.26,358794.7,26868.69,28213.71,False,False,False
SOL/WON,24699.7,23625.62,6403658.71,6402132.89,False,False,False
COW/WBNB,2638431.9,2616939.45,45555.74,43364.23,False,False,False
COW/WETH,5833918.24,5833918.24,166519.17,166519.17,False,False,False
PIP/WHYPE,159342.98,159342.98,17706.8,21739.69,False,False,False
PIP/SOL,17805.79,26513.94,851557.28,851141.16,False,False,False
PIP/WETH,7632.59,7632.59,25863.61,25863.61,False,False,False
SMOL/WETH,319068.73,311019.01,32164.39,32669.04,False,False,False
ETH/SMOL,110680.37,110680.37,13287.15,14373.07,False,False,False
MAGIC/SMOL,134981.86,132423.06,15743.33,17270.83,False,False,False
POT/USDT,2310486.41,2307904.85,168235.67,179064.17,False,False,False
POT/SOL,9008.33,12809.23,312711.33,332493.35,False,False,False
ETH/ONI,79661.87,79512.89,11113.27,11107.32,False,False,False
BUSD/ONI,8836.77,8799.55,11208.68,11190.06,False,False,False
BAMBOO/WETH,320741.64,318844.32,12908.31,13215.12,False,False,False
PP/SOL,228446.63,220673.65,51894.09,59693.96,False,False,False
SOL/VIRUS,318843.83,314285.55,41977.77,42466.53,False,False,False
CVC/WETH,9970.89,9970.89,18261.99,18267.48,False,False,False
CVC/ZIK,7353.05,7353.05,10186.64,10186.64,False,False,False
SANTA/VIRTUAL,378531.95,377207.88,136374.23,143008.47,False,False,False
SANTA/SOL,64391.26,64391.26,13162.71,14132.47,False,False,False
CAKE/MCAKE,77446.86,77446.86,10896.73,10896.73,False,False,False
MYTH/USDC,82705.48,83096.12,35796.26,35069.79,False,False,False
BLACK/MYTH,41922.58,41768.58,12718.62,12626.52,False,False,False
ETH/MYTH,405774.35,402489.8,25543.76,24773.87,False,False,False
SOL/WEN,154784.81,154784.81,12933.85,12933.85,False,False,False
APC/SOL,87931.13,93214.01,19328.0,15865.94,False,False,False
BSOL/SOL,3417022.98,3390403.28,886816.62,900200.18,False,False,False
BSOL/MSOL,297703.14,295389.84,151815.88,157429.44,False,False,False
BSOL/JITOSOL,388216.17,385010.24,178666.71,178114.66,False,False,False
BSOL/JUP,651458.24,651458.24,107025.77,107025.77,False,False,False
BSOL/KMNO,46392.97,45620.88,40152.31,38175.64,False,False,False
BSOL/USDC,25881.49,25719.53,44753.43,45659.34,False,False,False
ATS/USDC,25735.67,25715.45,14342.23,14578.57,False,False,False
RR/SOL,29192.27,27349.64,210012.55,191114.85,False,False,False
SOLO/USDT,286502.06,286575.36,14290.5,14099.21,False,False,False
SOL/SOLO,8367.1,8560.11,220383.54,220088.25,False,False,False
GARI/SOL,135777.71,137761.19,1578808.66,1486564.97,False,False,False
SNK/USDT,137947.69,137953.6,23300.75,23637.71,False,False,False
SMN/WBNB,53648.95,51547.26,38774.79,38847.1,False,False,False
HBB/USDH,15060.72,15044.91,37388.92,37381.44,False,False,False
AP/SOL,172339.96,170172.06,26198.84,30732.42,False,False,False
AP/WETH,455261.03,438722.52,394998.08,383563.33,False,False,False
DASH/USDC,442801280.2,442801280.2,46671.33,46671.33,False,False,False
DASH/SOL,7366.67,7368.0,58224.97,58159.65,False,False,False
CHERRY/TON,212691.46,213578.52,198582.74,199136.96,False,False,False
CHERRY/USDC,25786.99,25786.99,46829.67,46829.67,False,False,False
HERO/WETH,74801.16,73546.35,32868.63,32625.22,False,False,False
HERO/WBNB,10247670.86,10100423.57,12969.08,13031.56,False,False,False
CHIPS/SOL,46522.85,43225.74,16025.82,13991.89,False,False,False
BASEDHYPE/HYPE,55376275.74,50730869.53,1050828.43,1002974.98,False,False,False
PBTC/SOL,509988.77,503151.77,38331.53,37434.97,False,False,False
BEER/WETH,162987.69,235367.57,5597800.97,5613138.37,False,False,False
BEER/WBNB,237960.82,240312.54,1425213.48,1462668.82,False,False,False
TFT/TON,40774.25,40133.15,14965.99,14486.12,False,False,False
BUZZ/SOL,1968643.1,1986442.5,5180125.09,6285000.05,False,False,False
SOL/STEAK,60808.53,59028.27,372861.15,371142.8,False,False,False
OUT/WBNB,109614.27,107898.26,25403.28,24044.83,False,False,False
COMPANY/SOL,47290.19,42330.83,33992.46,32962.67,False,False,False
CHIMP/WETH,240384.03,236821.1,123042.83,126758.7,False,False,False
COMPANION/SOL,34737.96,34385.65,11002.81,10949.3,False,False,False
CHAN/SOL,7165.29,7225.52,97208.06,97186.59,False,False,False
POLY/USDT,822785.09,822115.11,12819.49,12485.39,False,False,False
QUACK/WBNB,2152041.58,2136271.5,33508.25,33505.33,False,False,False
QUACK/TON,7146.5,6941.44,19819.18,19686.64,False,False,False
CHUD/SOL,669242.55,658910.38,179020.97,178619.67,False,False,False
KAI/SOL,230519.84,226326.05,162508.89,165451.5,False,False,False
SOL/WAVE,24015.19,1568668.85,492911.22,12558.42,False,False,False
BERRY/WETH,517883.39,506786.11,233924.69,233031.97,False,False,False
BNW/SOL,10969.43,10904.14,3764631.24,3764223.15,False,False,False
RIZE/USDC,151583.69,152821.15,131265.44,133537.61,False,False,False
STS/WOS,64979.45,64099.05,54775.53,55853.85,False,False,False
WOS/WS,8857.57,8836.86,33718.26,33020.03,False,False,False
NEON/SOL,130645.8,129446.29,18154.4,18232.34,False,False,False
NEON/USDC,27802.9,27763.81,19371.32,21245.6,False,False,False
LOT/WBNB,818747.89,813941.27,1351652.76,1292436.16,False,False,False
PILL/SOL,246014.49,244625.92,31059.04,31953.38,False,False,False
HIPPO/SUI,1314780.79,1306107.22,144372.64,151467.81,False,False,False
GEAR/WETH,2963152.51,2963152.51,213455.89,221454.28,False,False,False
RICH/SOL,48955.31,49106.71,12172.64,12652.06,False,False,False
RICH/USDC,47881.8,48115.18,14199.33,14862.35,False,False,False
DARK/SOL,770003.87,767838.98,360059.38,378881.16,False,False,False
DARK/WBNB,1587938.99,1577623.73,8898842.77,8847620.31,False,False,False
ECHO/WBNB,1103534.73,1095329.06,1674313.3,1666984.17,False,False,False
APT/ECHO,99819.4,98884.11,707474.83,709363.5,False,False,False
AF/SOL,13530.06,12967.69,29630.18,33344.95,False,False,False
MONKE/SOL,5809.92,5699.49,822780.91,822593.76,False,False,False
MONKE/WETH,131700.67,131700.67,11769.95,11802.97,False,False,False
ASTRA/WETH,648371.73,645347.76,189847.95,211861.08,False,False,False
INU/SOL,31608.63,31111.45,15183.76,14860.28,False,False,False
SOL/ZEUS,285387.06,285387.06,123186.04,124600.36,False,False,False
WETH/ZEUS,562323.86,558181.32,255021.91,276107.22,False,False,False
TKC/WBNB,259682.07,255219.31,278314.18,275244.84,False,False,False
DRIFT/JITOSOL,390129.51,386579.14,108320.04,113330.81,False,False,False
WBERA/ZERO,145750.08,147491.56,21327.63,20599.09,False,False,False
NECT/ZERO,98363.25,98620.94,17050.38,16505.61,False,False,False
WETH/ZERO,103248.77,101376.39,23475.51,17862.01,False,False,False
SOL/SOLA,197189.56,193356.95,57333.25,44912.17,False,False,False
LEGIT/SOLA,4741876.09,4702840.46,863687.22,665315.32,False,False,False
PANDA/WBNB,81353.77,80590.94,25352.38,25444.48,False,False,False
PANDA/SOL,229931.98,226634.93,47984.72,63418.23,False,False,False
ICP/PANDA,360027.72,357205.91,12681.85,12736.97,False,False,False
PANDA/USDT,1157469.82,1158024.86,85785.0,87679.01,False,False,False
BOP/LEGIT,5232611.7,5256565.93,60098.41,50494.3,False,False,False
PAI/WETH,1007949.75,996192.33,487780.42,558845.44,False,False,False
STETH/WPLS,124357.02,118998.11,13359.63,10052.83,False,False,False
ETH/STETH,214208511.6,212519010.81,79023907.19,78678729.3,False,False,False
STETH/WETH,6432520.35,6336158.56,282941.28,299691.72,False,False,False
WETH/WSTETH,25996021.05,25742513.28,2744371.1,2793756.38,False,False,False
USDC/WSTETH,178487.81,177490.45,918938.87,945692.71,False,False,False
AERO/WSTETH,418613.0,409631.18,15359.45,15027.79,False,False,False
CBETH/WSTETH,322388.72,326106.51,13471.16,14048.94,False,False,False
RETH/WSTETH,1773290.68,1784068.88,108103.11,57183.36,False,False,False
LDO/WETH,6161560.93,6134529.77,11717728.02,11829905.02,False,False,False
LDO/WPOL,176761.49,175000.11,148652.45,149302.82,False,False,False
LDO/WSTETH,165636.5,164744.5,26125.05,26418.62,False,False,False
LDO/USDC,88145.53,87789.5,64910.39,65033.4,False,False,False
ETH/LDO,108936.04,108988.63,114309.56,114293.1,False,False,False
SOL/TRASH,568770.07,594648.49,14751247.68,13264449.61,False,False,False
VIP/WIP,804962.2,785498.21,33331.25,30565.41,False,False,False
GHOST/SOL,10815.11,10501.7,4957042.14,4956600.72,False,False,False
BONER/SOL,36809.5,37319.97,16446.36,16845.88,False,False,False
SOL/VIBE,247253.75,247973.25,41819.42,41341.62,False,False,False
USDC/VIBE,747142.16,748086.17,18557.07,16937.45,False,False,False
LEGIT/VIBE,4462137.67,4462137.67,43796.44,43796.44,False,False,False
VIBE/WETH,97101.24,100519.99,26549.0,27428.67,False,False,False
SENDIT/SOL,144334.47,142808.36,57502.28,68111.48,False,False,False
SINU/SOL,54071.35,53815.0,52114.92,52141.96,False,False,False
SOL/WAGMI,179413.39,175420.22,73385.94,68494.74,False,False,False
FOXY/WETH,819564.52,812832.81,518532.99,535326.22,False,False,False
SHIBU/SOL,521279.92,483689.73,24255961.0,24526506.05,False,False,False
REAL/USDT,134819.17,134819.17,13555.94,13929.04,False,False,False
REAL/XRP,36996.59,36088.76,24105.28,26150.54,False,False,False
CBBTC/REAL,22314.08,22545.97,22870.99,23040.73,False,False,False
STM/WETH,619673.23,615307.46,55928.6,52734.52,False,False,False
CAPY/SOL,283193.24,283740.99,496985.16,472754.08,False,False,False
FLUFFY/SOL,57031.52,56458.76,12412.82,14024.59,False,False,False
TWT/WBNB,692727.96,688125.52,68125.59,66856.14,False,False,False
FORA/WBNB,40837.18,41504.21,67877.96,66307.32,False,False,False
STT/USDT,1691252.77,1692448.88,68780.04,67758.56,False,False,False
MGC/TRIP,24165849.89,24165780.39,11607.12,11572.37,False,False,False
TRIP/WBNB,581719.15,581719.15,11429.98,11429.98,False,False,False
BLACK/MMA,75215.25,74600.11,14343.27,15901.78,False,False,False
MMA/WAVAX,26352.18,26352.18,10388.9,10706.93,False,False,False
MMA/WETH,117461.68,117461.68,12652.79,13284.53,False,False,False
RBTC/WBTC,930215.88,930215.88,21494.35,60963.65,False,False,False
SOL/ZION,34971.21,0.0,829403.73,0.0,False,False,False
POOP/WETH,89447.53,90098.07,447485.32,417491.99,False,False,False
POOP/SOL,432351.46,422312.26,182279.88,172710.34,False,False,False
CROWN/SOL,156127.61,152388.45,14253.29,14292.44,False,False,False
GG/SOL,18646.85,18646.85,11034.36,11034.36,False,False,False
SOL/VENUS,127217.1,127815.95,119824.33,115753.62,False,False,False
ANT/USDC,87359.29,84365.14,60406.31,58226.39,False,False,False
WAVAX/YAK,712256.92,707488.21,33200.03,33141.98,False,False,False
FINN/SOL,37275.03,47267.2,58784.36,42292.89,False,False,False
AAA/SOL,99683.64,98373.77,21023.32,19011.71,False,False,False
AAA/USDC,842797.2,838854.04,355591.53,370116.27,False,False,False
AAA/WETH,929331.41,926670.24,353119.36,357859.91,False,False,False
AAA/ETH,103947.76,103947.76,19905.22,21604.01,False,False,False
BOOP/USDC,1363982.03,1320237.05,417306.8,275647.7,False,False,False
BOOP/WETH,359762.43,353984.27,21376.97,21084.95,False,False,False
BOOP/USDT,212378.71,201511.81,111864.23,93245.66,False,False,False
TREAT/WETH,117279.14,114855.02,65113.83,62764.53,False,False,False
SURV/WBNB,85402.9,84726.79,10134.67,10230.97,False,False,False
AFT/WBNB,253385.55,252372.13,65569.41,66064.86,False,False,False
BIS/SOL,181653.06,179979.5,22882.75,23001.34,False,False,False
FAV/SOL,100282.4,99204.05,27259.5,24686.53,False,False,False
BIT/WETH,670745.27,667440.08,20060.09,22334.89,False,False,False
GOON/SOL,122896.47,125386.06,203915.5,204341.97,False,False,False
FAT/SOL,420162.26,411629.18,134788.34,137697.99,False,False,False
MTN/USDC,1248752.99,1248959.68,38091.17,31794.53,False,False,False
EVO/WBNB,35831.0,36310.35,15674.66,14703.55,False,False,False
DOGE/SOL,83085.44,81702.39,196306.14,196363.48,False,False,False
DOGE/WPLS,63214.01,62834.2,12451.19,12462.71,False,False,False
BTCB/DOGE,960500.9,951941.06,6825174.27,6825209.47,False,False,False
DOGE/USDC,163409.14,162310.66,2325363.15,2348513.61,False,False,False
BTC/DOGE,192888.51,191305.37,428391.03,428149.09,False,False,False
DOGE/WCRO,295534.29,291869.98,53532.11,53741.97,False,False,False
DOGE/WETH,1997375.45,1978845.97,82650.03,85312.24,False,False,False
DOGE/WBNB,4715028.7,4618190.53,270054.44,264465.6,False,False,False
DOGE/USDT,179510.66,170998.63,44143.68,42214.5,False,False,False
DORA/USD1,1748438.58,1748438.58,219059.74,226576.08,False,False,False
DORA/VIRTUAL,143009.91,143436.28,21746.72,21794.69,False,False,False
DORA/SOL,487749.74,486107.26,373654.91,527545.54,False,False,False
ALGO/USDC,3554561.86,3554561.86,714243.89,739664.99,False,False,False
ALGO/OPUL,157024.49,157024.49,51989.57,52672.93,False,False,False
ALGO/GOBTC,289433.19,289433.19,27707.06,28554.94,False,False,False
ALGO/ALPHA,118397.19,118397.19,13652.02,13875.44,False,False,False
MATIC/WBNB,70847.53,70144.09,13981.0,14773.06,False,False,False
MATIC/WETH,606293.47,601703.47,58687.8,57676.09,False,False,False
TON/USDC,850621619.59,850621619.59,160621.08,160653.51,False,False,False
TON/UTYA,494911.61,488464.47,580235.29,588710.17,False,False,False
REDO/TON,438971.5,436894.45,341316.55,344505.61,False,False,False
TON/TONIO,75411.59,80410.61,108878.15,115498.74,False,False,False
STUPED/TON,11071.38,10771.67,109178.13,103092.97,False,False,False
FPIBANK/TON,311554.49,311201.23,15825.69,16427.59,False,False,False
AMORE/TON,171905.01,171905.01,30444.98,30444.98,False,False,False
BLUM/TON,832182.72,834653.13,40861.47,37873.3,False,False,False
MEXCREWN/TON,50099.78,50099.78,53874.32,57404.09,False,False,False
PLANE/TON,62800.43,61030.47,23079.28,27846.55,False,False,False
TCAT/TON,72952.67,72952.67,11765.25,13705.52,False,False,False
$CANA/TON,18904.75,0.0,18075.1,0.0,False,False,False
NOT/TON,815099.42,0.0,19916.49,0.0,False,False,False
SER/WETH,25111.73,25004.84,18717.66,18619.79,False,False,False
DOT/WBNB,491774.81,487561.46,133612.55,136651.1,False,False,False
BTCB/DOT,43692.92,43385.45,29451.0,29816.69,False,False,False
LTC/WCRO,130335.46,129419.44,11388.76,11415.12,False,False,False
LTC/USDC,17462064.1,17462064.1,427927.33,427927.33,False,False,False
LTC/WBNB,872470.58,870401.52,496204.23,527619.81,False,False,False
LTC/USDT,138727.84,138684.08,36849.01,37462.3,False,False,False
LEGIT/TIME,1402599.65,1402599.65,12961.82,12961.82,False,False,False
TIME/WBNB,482646.96,482749.48,25259.35,24328.48,False,False,False
IT/SOL,38471.93,40484.11,1240000.55,1423921.75,False,False,False
NFTB/WBNB,55780.82,0.0,10980.36,0.0,False,False,False
NEXUS/WBNB,465224.84,458862.94,19731.7,19271.51,False,False,False
CARROT/USDC,1135141.13,1137501.43,68766.9,69647.16,False,False,False
PIT/WBNB,7804458.76,7746851.17,12494.52,11344.25,False,False,False
SOL/WIFE,152393.52,150709.8,10762.9,10401.07,False,False,False
BEAN/SOL,15654.61,15654.61,39722.97,42681.55,False,False,False
TIA/USDC,108026.96,107342.07,984006.31,996186.84,False,False,False
OSMO/TIA,319268.27,317093.31,345803.62,348445.8,False,False,False
SK/USDT,171889.14,171893.72,18322.38,19955.75,False,False,False
TIM/WHBAR,49610.26,49303.35,17027.9,16998.78,False,False,False
SOL/TIM,59377.03,60833.01,14119.75,13432.26,False,False,False
SAFE/USDT,1232328.13,1235819.26,42714.29,41821.71,False,False,False
SAFE/WETH,1559359.41,1538107.11,46884.98,49864.06,False,False,False
SAFE/USDC,455032669.31,455032669.31,66669.33,66669.33,False,False,False
SLOTH/SOL,722908.25,718839.5,31561.58,30689.4,False,False,False
SNORT/SOL,151404270.91,139691779.8,10820.22,434680.0,False,False,False
SNORT/WETH,353081.95,347336.08,11340.18,15735.1,False,False,False
SSC/USDT,220760.89,220530.53,33879.91,32566.21,False,False,False
FORGE/SOL,51047.18,49278.08,12554.23,12372.77,False,False,False
HABITAT/SOL,911189.75,899286.09,516978.05,518042.95,False,False,False
NOMNOM/SOL,483876.35,474847.39,67387.0,74101.53,False,False,False
GRAM/TON,179514.28,180099.03,17928.76,17598.94,False,False,False
WETH/ZIG,629545.45,608325.31,562087.11,617437.36,False,False,False
SOL/ZIG,89691.51,88893.72,22112.53,20639.47,False,False,False
WBNB/ZIG,132040.27,127260.6,18810.58,17585.54,False,False,False
SIX/SOL,966031.78,958298.78,32876.91,31352.65,False,False,False
SIX/WBNB,150472.55,149307.27,11426.48,11579.67,False,False,False
FLOAT/SOL,90824.62,90802.24,68633.95,69904.52,False,False,False
OCEAN/WETH,1429309.88,1414464.14,339082.91,345091.71,False,False,False
AGORA/VIRTUAL,31786.16,31786.16,11930.45,12056.93,False,False,False
CLX/WETH,636462.38,616769.01,158069.38,157589.14,False,False,False
BP/SOL,55841.61,54827.65,45041.35,64438.26,False,False,False
SOL/SPARK,1208884.87,1242571.57,7469725.88,8092567.06,False,False,False
SPARK/USDC,7632.85,7810.39,53645.69,44335.19,False,False,False
CMETH/FBTC,12796051.46,12790530.24,816019.96,820068.78,False,False,False
CBBTC/FBTC,4769380.55,4769380.55,260536.28,261831.58,False,False,False
FBTC/WBTC,4982847.94,4982847.94,16143.72,16969.07,False,False,False
BIG/WETH,625112.48,621150.04,434839.13,605163.71,False,False,False
BIG/SOL,7349.04,7349.04,146561.88,146561.88,False,False,False
MILK/WBNB,1038990.02,1033996.98,4320669.86,4335131.54,False,False,False
MILK/USDT,8833.08,8798.34,16254.92,15880.49,False,False,False
MILK/USDC,147118.36,146582.92,24492.1,24410.93,False,False,False
BTC/MILK,93063.11,92424.72,21279.25,22203.75,False,False,False
ROCKET/VIRTUAL,193316.67,191659.47,41932.97,49566.93,False,False,False
ROCKET/SOL,64526.76,63432.6,13230.17,13152.52,False,False,False
DBC/SOL,165643.58,165643.58,32615.28,40941.19,False,False,False
TRUE/WETH,708256.51,700405.2,76475.77,75513.29,False,False,False
BONE/WETH,3297670.66,3273008.92,256363.48,259952.09,False,False,False
BONE/SHIB,666757.32,666757.32,21819.73,25417.83,False,False,False
ABT/WETH,170231.46,170715.41,89527.22,87230.39,False,False,False
SNS/USDC,290092.89,290298.65,57792.29,66142.55,False,False,False
BAB/WBNB,82689.38,82518.79,11038.18,11414.97,False,False,False
TSLA/WETH,237270.1,272110.28,8233496.91,8285406.72,False,False,False
USDC/WPLS,318720.71,317309.06,219541.52,236031.52,False,False,False
USDC/USDT,2312516.91,2315319.69,3857575.65,3823230.58,False,False,False
USDC/USDC.N,2037356.19,2037311.76,5054155.17,5501741.9,False,False,False
DAI/USDC,312629.68,310277.62,71744.62,78613.2,False,False,False
USDC/WSEI,7935610.55,7892211.35,5725025.24,5753190.67,False,False,False
USDC/USD₮,1136715.42,1129247.98,8419195.77,9163667.04,False,False,False
ATROPA/USDC,32847454.35,32955003.01,152764.97,162667.44,False,False,False
CELO/USDC,60673.99,60462.13,587052.77,574714.97,False,False,False
SCUSD/USDC,127277.1,127279.45,614992.61,569516.35,False,False,False
CUSD/USDC,102088.18,102088.29,236275.35,263089.31,False,False,False
USDC/ZK,131466.09,130143.69,324222.92,331557.08,False,False,False
USDC/XRP,589482.18,587959.18,411935.88,412469.97,False,False,False
USDC/WETH,113045.46,112819.43,23661.06,23152.97,False,False,False
USDC/USDT.E,1049367.08,1048550.47,60656.74,60321.61,False,False,False
USDC/USDC[HTS],837855.84,837896.3,177552.26,204357.76,False,False,False
ACB/USDT,377863.03,378020.77,35815.45,35976.34,False,False,False
COIN/WETH,77540.54,75958.33,26972.02,27519.81,False,False,False
COIN/TON,7994.59,8390.61,16359.11,16174.47,False,False,False
COIN/SOL,7518.59,7534.94,132489.95,132451.03,False,False,False
AMD/USD₮0,3063466.97,3067429.0,26573.63,25394.52,False,False,False
MSTR/WETH,982198.87,982198.87,15725.07,16128.68,False,False,False
BABA/SOL,46450.11,53928.34,41103.08,33136.69,False,False,False
BB/SOL,85612.98,92571.2,259391.79,267471.32,False,False,False
GME/SOL,2653312.33,2620913.53,125957.57,127216.53,False,False,False
GME/WETH,2996431.99,2953208.92,401536.09,403923.17,False,False,False
FB/SOL,39233.77,39072.96,27423.48,28545.85,False,False,False
FB/USDT,24049.18,24049.18,47156.41,47156.41,False,False,False
SPY/XRP,16240.87,16240.87,177656.18,235162.61,False,False,False
PANDA/TUR,2634259.74,2637362.75,49810.61,54353.28,False,False,False
SUN/USDT,5953865.35,5932635.67,623773.95,615210.8,False,False,False
SUN/WTRX,4586177.62,4562079.73,241216.17,239560.81,False,False,False
USDT/ZM,79076.23,79036.84,192721.92,193389.8,False,False,False
USDT/WPLS,145576.86,144739.9,172524.35,181199.44,False,False,False
USDT/WETH,431501.67,430733.25,2836539.39,2819341.41,False,False,False
DAI/USDT,245306.31,241151.24,65522.78,68070.64,False,False,False
USDC.E/USDT,1104725.49,1104723.8,761019.21,859103.34,False,False,False
USDT/WKAVA,470789.02,470999.23,100718.95,99903.18,False,False,False
USDT/USDT.E,744140.66,744355.07,74766.13,75031.13,False,False,False
TREASURY BILL ㉾/USDT,1634264.36,1610978.37,37086.3,37362.27,False,False,False
USDT/WFLR,314559.81,314157.9,17818.67,17621.91,False,False,False
USDT/USD₮0,1004495.04,1004493.13,80187.05,79989.07,False,False,False
USDT/USDT,606326.01,606326.02,275264.44,335368.42,False,False,False
MEDIA/USDC,82598.77,82269.19,35462.92,36107.1,False,False,False
STEP/USDC,618394.03,617171.88,296589.84,347456.53,False,False,False
SOL/STEP,80082.71,79523.03,26703.44,29646.92,False,False,False
STEP/STEPSOL,159560.91,158688.82,148065.34,155983.32,False,False,False
ATLAS/WETH,56803.68,56474.14,26404.62,28146.89,False,False,False
ATLAS/USDC,118817.22,118918.54,154036.05,157916.96,False,False,False
ATLAS/RAY,467121.81,466558.74,305917.42,309041.56,False,False,False
ATLAS/SOL,23256.39,22219.19,32771.72,40323.38,False,False,False
POLIS/RAY,440020.37,377414.81,361053.61,385271.52,False,False,False
POLIS/SOL,282681.34,275444.27,118667.29,124257.03,False,False,False
POLIS/USDC,67964.05,67126.43,88489.82,95657.89,False,False,False
PFP/SOL,35214.9,37120.92,21932.28,21697.29,False,False,False
ASF/WETH,1366195.02,1360137.4,80636.3,82059.66,False,False,False
ASF/USDT,482308.58,447576.7,68601.45,70866.8,False,False,False
PBA/SOL,41910.05,38622.27,12576.53,11909.08,False,False,False
CHAD/WETH,276399.69,273304.66,43107.69,45899.7,False,False,False
SOL/VIVA,431003.84,421388.72,147700.38,145699.55,False,False,False
ORBS/USDC,531831.69,531512.27,11961.07,12181.99,False,False,False
ORBS/WETH,601037.51,0.0,10665.92,0.0,False,False,False
C98/WBNB,540792.1,535512.26,59357.05,60117.57,False,False,False
SIMP/SOL,914370.56,908466.34,33846.31,32961.66,False,False,False
BET/USDT,1248105.24,1245103.62,126323.41,127071.0,False,False,False
BET/WPOL,1002933.24,995075.66,58457.92,58992.15,False,False,False
BET/WETH,234257.86,232375.33,36703.72,37555.67,False,False,False
PRT/SOL,41766.17,41766.17,20021.34,20787.53,False,False,False
ALP/USDC,293972.25,292972.37,177654.3,179892.71,False,False,False
ALP/SOL,340189.05,338650.26,263107.24,259680.0,False,False,False
SMRT/SOL,89264.7,86603.7,20247.2,18357.31,False,False,False
BST/WETH,1603093.44,1603093.44,17244.18,17244.18,False,False,False
DSOL/SOL,31214.37,30914.81,343262.56,319898.19,False,False,False
DSOL/INF,11712.12,11616.88,24980.56,23977.37,False,False,False
BLACK/USDC,3983028.11,3972634.79,527803.64,539761.24,False,False,False
BLACK/WAVAX,3987786.03,3914360.69,670289.44,699219.05,False,False,False
BLACK/SUPER,6676856.93,6622849.11,565220.03,589963.73,False,False,False
BLACK/WETH.E,294898.75,289833.09,30899.04,30849.46,False,False,False
BLACK/BTC.B,161189.91,130676.76,1135339.75,1238141.88,False,False,False
BLACK/USDT,638914.09,637159.54,36203.53,35653.91,False,False,False
USDC/UXD,46424.29,46424.29,16314.85,20361.86,False,False,False
STG/USDC,5899849.14,5899849.14,167749.63,170316.75,False,False,False
HONEY/STG,287522.26,287392.74,28566.92,31791.13,False,False,False
STG/WPOL,14593.88,14510.15,11684.08,12124.3,False,False,False
OBOL/WETH,938254.43,927722.11,298507.53,296759.67,False,False,False
CHEESE/SOL,151346.93,152708.81,15173.46,15291.9,False,False,False
CHEESE/LEGIT,5118283.6,5118283.6,33455.54,33455.54,False,False,False
BABY/SOL,55227.93,54790.79,161910.12,177517.74,False,False,False
BABY/USDC,246286.29,245620.78,200396.05,205088.56,False,False,False
BABY/BTC,289641.65,288611.55,339348.93,350705.07,False,False,False
BABY/OSMO,23949.2,23728.65,10841.0,11549.52,False,False,False
SBULL/SOL,7864.08,7864.08,23069.88,23069.88,False,False,False
WETH/YEE,425957.32,433706.94,277117.05,290800.3,False,False,False
DCN/USDT,171551.15,171551.15,15507.79,15510.5,False,False,False
SCT/WBNB,52187.82,50282.9,40016.17,40144.21,False,False,False
ETH/SLT,1274532.23,1263148.71,52769.48,53861.41,False,False,False
SLT/USDT,1864112.11,1860251.8,75655.32,74228.92,False,False,False
SLT/WBNB,3580785.0,3562928.37,64925.08,64339.04,False,False,False
BTCB/SLT,3975811.54,3952257.78,65353.8,66569.74,False,False,False
RZUSD/SLT,891152.11,892762.87,22983.63,22391.1,False,False,False
FLOPPA/WETH,291903.86,283211.95,25130.1,23233.03,False,False,False
FROGG/SOL,45665.17,44156.03,29409.61,36032.84,False,False,False
BKC/USD₮0,606372.35,607416.84,29670.93,29589.61,False,False,False
GOAT/SOL,4599882.01,4577168.23,741363.68,757184.56,False,False,False
ADA/WBNB,1720254.39,1696396.33,2663527.53,2802915.02,False,False,False
ADA/WCRO,184703.66,181613.91,73235.8,87748.12,False,False,False
ADA/USDC,19964259.86,19964259.86,424523.4,424523.4,False,False,False
ADA/USDT,472094.47,467042.19,1205717.05,1260376.91,False,False,False
ADA/BTCB,29279.36,28974.91,268319.39,272765.89,False,False,False
ADA/ETH,58626.3,57623.05,13434.11,14288.57,False,False,False
SOL/WINTER,255829.28,255293.83,92016.34,91881.37,False,False,False
PUFF/SOL,138991.86,137027.28,39541.48,39897.72,False,False,False
METH/PUFF,2110414.34,2093241.48,50269.63,51000.3,False,False,False
DB/SOL,80357.56,79850.11,32609.5,32356.54,False,False,False
DB/LEGIT,1491113.58,1491113.58,284142.22,284142.22,False,False,False
RUN/SOL,198285.58,168791.69,95192.28,91724.84,False,False,False
ACE/USDT,297819.29,297819.29,79542.31,79542.31,False,False,False
ICY/WETH,115461.81,116112.42,34071.37,33528.03,False,False,False
WETH/ZEN,2565406.55,2548791.02,531642.14,544450.42,False,False,False
USDC/ZEN,334420.71,333678.27,114526.15,113643.63,False,False,False
CBBTC/ZEN,1975854.71,1966128.73,285974.19,294112.21,False,False,False
ZEN/ZRO,261462.94,0.0,277971.2,0.0,False,False,False
TUT/WBNB,3978153.76,3957405.42,65227.79,65755.36,False,False,False
BREAD/SOL,55443.86,53529.59,275303.56,279217.29,False,False,False
SHDW/USDC,1378776.04,1425259.48,685890.67,657221.46,False,False,False
SHDW/SOL,358215.55,367941.92,202424.16,198720.57,False,False,False
SEI/USDC,1339396984.62,1339396984.62,158304.51,158304.51,False,False,False
QUOKKA/WETH,174971.48,172778.03,21568.42,21593.78,False,False,False
SOL/XP,112287.95,81687.38,2729883.89,1926581.22,False,False,False
BORG/SOLID,155897.27,155043.53,11768.54,11738.93,False,False,False
SOL/TROLL,5186502.92,4994476.31,11820665.4,12722044.12,False,False,False
TROLL/USDC,158177.54,154696.3,1061497.75,1086634.36,False,False,False
TROLL/WETH,1071963.86,1063267.96,111004.95,110590.89,False,False,False
MLK/USD1,186916.34,186904.33,109322.51,106254.38,False,False,False
SOLACE/VIRTUAL,248565.67,242763.12,36847.95,35900.04,False,False,False
SIGN/WBNB,377699.44,375685.38,1254021.36,1272201.35,False,False,False
SIGN/WETH,589718.01,586976.52,129749.57,165771.25,False,False,False
SIGN/USD1,2318965.26,2309176.6,477525.06,503516.96,False,False,False
RECORD/WETH,207085.89,207085.89,18347.92,18363.07,False,False,False
USDC/USDL,20913485.98,20913485.98,296435.5,296483.4,False,False,False
USDL/WPLS,218838.95,220139.82,33463.02,37228.87,False,False,False
DAI/USDL,300882.91,300885.47,56589.45,58065.51,False,False,False
TFC/USDL,135505.79,137038.95,16620.93,19656.49,False,False,False
SERSH/USDT,182379.53,183332.58,19679.88,19312.44,False,False,False
PENNY/SOL,25209.23,24384.54,1050536.12,1048773.64,False,False,False
LION/WCRO,14471928.98,14307247.17,627605.48,621452.89,False,False,False
LION/USDC,2082100507.35,2082100507.35,66669.33,66669.33,False,False,False
LION/SOL,2136072.89,2136072.89,62374.47,63370.17,False,False,False
LION/WETH,2432208.83,2432208.83,64494.77,64494.77,False,False,False
ERA/USDT,2937760.59,2930600.75,3209845.27,3201969.39,False,False,False
ERA/WBNB,259853.95,259853.95,27350.41,27415.34,False,False,False
ARK/SOL,100212.24,99568.16,10888.15,11360.01,False,False,False
ARK/WBNB,457591.29,456393.02,1010545.09,1009242.55,False,False,False
ARK/WPLS,28211.97,38284.28,22598.04,17483.84,False,False,False
TAG/USD1,2336421.2,2346262.77,3796883.56,3689977.67,False,False,False
TAG/WBNB,2742670.36,2750349.81,2573441.98,2507917.16,False,False,False
OPEN/SOL,32071.06,32103.72,37406.16,35720.27,False,False,False
OPEN/WETH,841365.92,841365.92,114736.79,114736.79,False,False,False
MP/USDT,525230.91,525041.3,10395.51,10142.54,False,False,False
BORG/SOL,822387.0,815293.47,242239.31,245323.46,False,False,False
BORG/USDC,259100421.96,259100421.96,46671.33,46671.33,False,False,False
BORG/XBG,697522.13,690674.92,21283.12,21619.93,False,False,False
BORG/VCHF,24633.59,24590.6,26630.61,27496.53,False,False,False
PC/SOL,334917.63,23562.93,12864.77,177402.44,False,False,False
PC/WETH,51843.08,51939.5,85999.89,83120.93,False,False,False
LAVA/WETH,440816.16,438715.02,22051.22,23603.38,False,False,False
ETH/LAVA,142017.86,142017.86,11266.71,11266.71,False,False,False
SOL/TOMATO,39318.25,0.0,104792.06,0.0,False,False,False
RAWR/SOL,34385.32,34821.24,36725.82,38031.48,False,False,False
INV/WETH,1358891.13,1340942.94,44426.05,46618.88,False,False,False
DOLA/INV,1063717.51,1065503.33,43384.53,48198.69,False,False,False
USDH/USDT,105843.86,105860.43,34977.85,35177.68,False,False,False
USDC/USDH,29093.25,29096.58,26638.11,26996.53,False,False,False
STSOL/USDH,7373.09,7339.78,605242.45,605256.52,False,False,False
CHILL/SOL,53536.31,53536.31,24749.91,24749.91,False,False,False
WUSDC/WUSDT,91148.96,91152.84,38067.43,46306.02,False,False,False
USDC/WUSDT,39781.72,39782.11,19849.99,28528.08,False,False,False
PIKA/USDT,106172.19,107323.8,13803.83,14483.78,False,False,False
STO/USDT,456687.09,456183.34,353725.92,356500.13,False,False,False
STO/WBNB,1102110.75,1102110.75,51840.19,52088.01,False,False,False
STO/USD1,233141.92,231922.3,61561.68,58637.81,False,False,False
GPC/WBNB,691363.19,688711.42,79449.49,79854.12,False,False,False
STONE/WETH,15427850.59,15427850.59,18871.45,175535.42,False,False,False
MASK/SOL,798886.99,800437.59,991297.36,1061586.09,False,False,False
MASK/USDC,896563.68,894374.69,548256.44,548014.3,False,False,False
ROBOT/VIRTUAL,235270.62,234601.41,78589.05,80964.26,False,False,False
ATA/WBNB,194326.65,0.0,10050.53,0.0,False,False,False
LUX/SOL,555471.0,552301.44,94125.66,105768.13,False,False,False
AI/SOL,182698.42,189397.36,687776.23,758350.32,False,False,False
AI/WETH,96904.0,94336.11,24556.3,22943.53,False,False,False
HOUSE/SOL,1770120.74,1748237.83,2328321.64,2307115.25,False,False,False
BITTY/HOUSE,16199.25,19431.03,13305.21,11875.9,False,False,False
SLIME/WETH,29136.64,26206.76,89974.22,73622.42,False,False,False
BUSD/SD,73515.21,0.0,14683.21,0.0,False,False,False
SD/USDC,514309.23,468886.83,295385.79,244452.34,False,False,False
ETH/SD,106127.09,101043.09,12490.61,10500.19,False,False,False
GMT/USDT,2670355.93,2668203.29,104479.13,105395.44,False,False,False
GMT/USDC,175044.72,175044.72,64154.62,64154.62,False,False,False
GMT/WPOL,24404.86,24266.68,23245.33,24236.26,False,False,False
GMT/SOL,15273.56,15258.03,10847.82,10997.64,False,False,False
GMT/WETH,79336.95,79527.42,105066.36,114999.9,False,False,False
GUARD/VIRTUAL,77396.08,76374.88,11294.28,12063.62,False,False,False
SDT/WETH,1871799.05,1871799.05,15718.57,18482.76,False,False,False
RING/VIRTUAL,304913.93,297763.9,81070.73,82452.71,False,False,False
RING/WETH,462510.52,462510.52,15117.5,15138.92,False,False,False
PURR/WHYPE,6708142.19,6612736.44,859964.67,920266.75,False,False,False
OG/SOL,58221.36,55734.04,226698.17,228839.53,False,False,False
JET/JET1,3076841.83,3076841.83,74987.98,74987.98,False,False,False
BLAST/WETH,258071.03,256382.27,47721.53,58120.37,False,False,False
DREAM/SOL,106514.59,106142.27,276695.9,277962.69,False,False,False
DREAM/WETH,124551.53,124398.19,21335.32,21807.6,False,False,False
TOPIA/WETH,525749.11,525749.11,47497.86,50178.43,False,False,False
FAF/SOL,392927.16,394473.61,18862.42,14383.53,False,False,False
CBBTC/TBTC,3495689.4,3497307.38,7261021.02,7398331.64,False,False,False
TBTC/USDC,941000.91,940104.11,28491.45,28568.03,False,False,False
TBTC/WETH,471747.46,470683.01,398205.36,386644.1,False,False,False
TBTC/WBTC,5790585.12,5790585.12,168615.68,168615.68,False,False,False
DRG/WSEI,933807.26,926051.89,35982.74,35370.92,False,False,False
DRG/USDC,269344.76,267915.72,28618.52,27991.09,False,False,False
MOOSE/WETH,229256.54,229256.54,45639.6,45658.01,False,False,False
CHAOS/WETH,1017570.33,1011869.66,11109.41,11177.58,False,False,False
DMC/USDC,393383.31,393118.63,366798.06,379544.59,False,False,False
CAT/WBNB,11538199.98,11482345.59,1370775.15,1381604.8,False,False,False
CAT/SOL,615253.22,613733.42,328522.48,317416.54,False,False,False
CAT/LEGIT,8987593.23,9081889.42,850796.82,795244.03,False,False,False
CAT/WETH,655249.35,649326.52,11941.48,12032.24,False,False,False
GOD/WETH,366843.45,360058.53,83064.74,81260.55,False,False,False
GOD/SOL,145130.4,141532.66,219729.98,366439.41,False,False,False
VISION/WETH,163191.17,160389.15,125326.0,157163.64,False,False,False
BLS/USDC,173536.99,172985.84,87199.22,94518.12,False,False,False
BLACK/BLS,83889.44,83163.5,19007.31,20077.91,False,False,False
TPT/USDT,751882.14,751882.14,12422.62,12869.43,False,False,False
BLOCK/USD1,2715371.2,2716539.17,2200671.78,2232250.54,False,False,False
BLOCK/USDC,191011.63,377486.65,216753.12,220263.56,False,False,False
BLOCK/WETH,3397733.42,3402734.6,3777753.63,3823388.75,False,False,False
BLOCK/USDT,291908.93,292829.61,178152.8,173097.94,False,False,False
AIR/WETH,18645.67,18466.15,17892.73,16259.57,False,False,False
GOG/SOL,103932.19,103395.84,72558.93,72723.02,False,False,False
DINO/WETH,9895589.32,9853935.95,307261.91,312816.77,False,False,False
SNT/USDT,367362.61,367457.3,20962.76,21835.33,False,False,False
SNT/WETH,1287659.51,1287659.51,66232.88,68418.93,False,False,False
SOL/VERSE,1894832.68,1885702.56,385584.74,346021.75,False,False,False
VERSE/WETH,809503.63,0.0,10102.11,0.0,False,False,False
CTC/USDT,345635.72,359772.78,98919.89,104101.21,False,False,False
CTC/USDC,439051223.0,439051223.0,66669.33,66669.33,False,False,False
RENT/SOL,44527.17,44527.17,30362.45,30362.45,False,False,False
DUCK/SOL,114951.72,114161.6,114671.95,115106.26,False,False,False
DUCK/TON,53363.25,52190.02,41405.86,40326.77,False,False,False
ETH/SHIB,437346.78,427888.82,46676.73,47971.73,False,False,False
SHIB/SOL,214065.32,212650.42,19372.04,19343.0,False,False,False
SHIB/WCRO,344367.23,341139.38,15689.61,15466.88,False,False,False
SHIB/WBNB,619359.54,616309.46,50384.7,51827.8,False,False,False
SHIB/USDT,78270.73,78239.78,17538.02,17446.75,False,False,False
ANA/USDC,85646.92,0.0,21841.46,0.0,False,False,False
RZ/WBNB,550752.36,549400.38,22425.05,22338.17,False,False,False
MGC/RZ,42895642.84,42895986.43,75422.04,83809.9,False,False,False
RZ/USDT,522025.67,521362.8,29435.65,29655.29,False,False,False
RZ/SOL,7738.76,7738.76,159193.12,159193.12,False,False,False
RP1/RZ,23272819.01,23091439.15,47731.29,54156.53,False,False,False
COOKIE/USDT,302635.33,301395.06,238641.47,241742.15,False,False,False
COOKIE/WETH,846695.58,842383.33,507125.67,519901.0,False,False,False
LLM/SOL,501033.51,496206.95,36959.07,49101.16,False,False,False
LEGIT/LLM,3501777.56,3501777.56,48425.33,48431.37,False,False,False
RAIN/SOL,137863.42,137863.42,10802.23,11071.31,False,False,False
MINA/USDC,255569399.81,255569399.81,46671.33,46671.33,False,False,False
MEN/SOL,14980.78,15131.67,32391.32,32230.71,False,False,False
AST/ETH,463351.06,463351.06,11163.44,11163.44,False,False,False
OP/WETH,1685942.9,1676495.59,1278144.97,1472039.64,False,False,False
OP/USDC,666927.32,656757.97,1177506.89,1232700.24,False,False,False
OP/USDT,41037.49,40778.44,55403.09,58702.67,False,False,False
OP/WSTETH,39422.42,120000.35,82458.14,96067.62,False,False,False
OP/WBTC,25589.28,25412.73,53402.87,58126.47,False,False,False
USDC/XLFNTY,500541.13,500541.13,22317.69,22317.69,False,False,False
BC/WBNB,126778.69,126991.75,26521.82,26624.27,False,False,False
BC/SOL,2483578.66,2463720.91,42347.3,42876.15,False,False,False
BC/USDT,69304.3,69304.3,77629.62,84871.17,False,False,False
CHAMP/USDC,1058161.55,1056755.19,182292.73,194634.99,False,False,False
CHAMP/WETH,209735.13,210365.01,73488.47,73356.36,False,False,False
CBBTC/CHAMP,71915.86,71915.86,16130.65,16493.61,False,False,False
CHAMP/WETH.E,959368.06,951912.99,159163.19,171407.64,False,False,False
BLACK/CHAMP,440512.68,436773.43,68523.69,91889.23,False,False,False
LILY/WETH,91731.07,91364.79,22127.96,22717.23,False,False,False
SOL/WING,50439.13,49916.76,21795.36,21486.14,False,False,False
OMNI/WETH,345681.68,345681.68,17420.46,18920.75,False,False,False
OMNI/SOL,81560.13,80248.07,24458.13,24470.09,False,False,False
AURA/SOL,6780691.83,6838725.23,1446705.74,1557275.3,False,False,False
AURA/VIRTUAL,114520.79,113200.61,10079.2,10393.05,False,False,False
AURA/USDC,19349.16,19686.53,18226.03,18761.08,False,False,False
AURA/WETH,2025874.37,2043641.64,100884.54,97760.39,False,False,False
TAT/WBNB,157811.98,155787.5,70726.35,71953.56,False,False,False
DLC/USDT,146911.26,146902.57,110456.28,113999.18,False,False,False
MOVE/USDC.E,25415.72,25299.22,28087.11,27389.01,False,False,False
MOVE/USDT.E,17911.38,17859.95,14382.93,14101.06,False,False,False
EGLD/USH,1458470.43,1451267.6,184537.58,171958.27,False,False,False
MEX/USH,585564.36,582103.67,15490.1,14512.56,False,False,False
FOXSY/USH,143707.99,143736.58,20017.61,19864.44,False,False,False
DFX/WETH,241291.17,241291.17,23280.09,23280.09,False,False,False
NB/USDT,932564.09,935466.23,46430.42,45668.67,False,False,False
NU/WETH,85274.78,85274.78,18737.15,18737.15,False,False,False
ROOT/WETH,168140.94,168098.98,39454.54,39821.55,False,False,False
CC/WS,54175.78,51846.39,26101.65,24950.77,False,False,False
CC/WBNB,10232.81,10795.84,11165.25,11530.67,False,False,False
MIN/VIRTUAL,112799.58,110958.63,126457.66,132018.61,False,False,False
ADA/MIN,11337804.86,11153980.0,186893.06,195517.21,False,False,False
GSOL/SOL,17115.4,16957.45,10414.4,10788.84,False,False,False
GUSDC/USDC,58988.34,58933.71,22633.72,18530.25,False,False,False
NEKO/WETH,630633.18,636099.66,4375071.97,4257410.89,False,False,False
NEKO/SOL,56758.83,0.0,28098.21,0.0,False,False,False
NST/WETH,358471.71,356429.8,62959.7,67706.61,False,False,False
NST/SOL,448330.56,444170.55,58568.85,60725.87,False,False,False
BANANA/WETH,9999116.44,10022529.78,1159863.89,1152069.71,False,False,False
COA/WBNB,739049.23,743950.12,117073.4,110876.26,False,False,False
COA/USDT,14404.66,14751.97,25226.19,22946.29,False,False,False
SAND/WPOL,732565.77,728343.86,36347.75,38259.79,False,False,False
SAND/WETH,1199066.54,1195156.96,52745.56,51461.95,False,False,False
TGT/USDT,94772.44,93884.02,146222.74,148275.53,False,False,False
FUEL/USDC,1092515.04,1088042.25,264657.77,272248.08,False,False,False
FUEL/WETH,228371.86,227534.81,16707.24,17199.41,False,False,False
LMT/SOL,1092437.51,1082783.28,51059.7,52227.14,False,False,False
SIA/SOL,13958.76,16014.3,25511.45,25552.47,False,False,False
MONEY/WBNB,153289.13,153245.84,51237.03,51385.72,False,False,False
KUMA/SOL,307444.91,303806.5,15341.12,14697.95,False,False,False
WAR/WBNB,61351.86,61194.69,22775.06,22660.25,False,False,False
BKB/WBNB,432104.84,433320.03,41414.3,40695.43,False,False,False
PENG/SOL,457199.79,451049.71,16113.5,16199.97,False,False,False
LUNA/VIRTUAL,3705019.18,3680196.2,91435.1,89667.55,False,False,False
LUNA/SOL,407802.75,407802.75,13242.43,13516.92,False,False,False
LUNA/WETH,55468.27,55215.04,15120.15,15274.9,False,False,False
LUNA/USDT,70358.63,69977.27,32288.48,32917.94,False,False,False
LUNA/WBNB,55997.4,55755.05,15605.28,15909.67,False,False,False
LINK/WETH,35130012.55,34900623.32,25290316.65,25380523.21,False,False,False
LINK/WPOL,145548.47,143990.33,423182.64,433308.39,False,False,False
LINK/USDC,2797081.87,2797081.87,428005.51,428005.51,False,False,False
ETH/LINK,154207.77,152452.1,41399.9,40041.26,False,False,False
LINK/USD₮0,443600.82,442186.65,452860.82,451372.11,False,False,False
LINK/WBTC,264063.4,263648.39,133958.11,135136.36,False,False,False
DUSK/USDC,69017849.55,69017849.55,66669.33,66669.33,False,False,False
NUTS/SOL,38164.38,38164.38,16751.72,16751.72,False,False,False
MILLI/WSEI,385822.66,384530.64,13840.38,13110.38,False,False,False
SOL/WBNB,1820632.13,1730834.55,12811224.74,13065254.98,False,False,False
SOL/WPLS,66635.18,66437.03,10828.78,11000.46,False,False,False
SOL/USDC,379267.22,378107.69,258507.82,256151.44,False,False,False
SOL/WETH,356301.12,352659.85,305782.99,322732.59,False,False,False
BTC/SOL,81045.97,80785.34,147361.66,160159.51,False,False,False
HONEY/SOL,256045.25,255675.59,116750.59,116502.92,False,False,False
SOL/WCRO,217878.88,215620.51,43027.95,43667.14,False,False,False
SOL/USDT,1266213.18,1259093.98,2326630.94,2412413.89,False,False,False
SOL/WBTC,58961.27,58652.42,61588.28,63613.96,False,False,False
SOL/SOL,126249.05,126249.17,68162.05,68210.03,False,False,False
BTCB/SOL,172409.78,170503.23,12530.69,12159.34,False,False,False
RAY/SRM,164316.6,164250.47,21837.88,21260.35,False,False,False
SRM/USDC,70395.37,70533.22,14821.83,14659.0,False,False,False
FIDA/SOL,33629.66,33555.02,12016.42,12290.37,False,False,False
BRZ/USDC,77168.34,71590.58,44045.41,43695.87,False,False,False
PERK/SOL,21105.81,21207.21,16700.29,14949.44,False,False,False
SLIM/SOL,1620515.17,1606736.57,46713.63,46804.26,False,False,False
RAY/SAMO,204419.52,205850.23,55425.34,54806.47,False,False,False
SAMO/USDC,201481.16,201649.48,33791.93,34007.25,False,False,False
SAMO/SOL,95895.18,95895.18,18352.96,18374.89,False,False,False
SOL/STNK,542820.85,538543.32,122114.32,121996.41,False,False,False
LEGIT/STNK,5534349.83,5534349.83,529230.67,529230.67,False,False,False
CRT/USDC,66304.76,66288.12,22393.66,20775.22,False,False,False
FOMO/SOL,64483.85,64825.21,15867.76,16686.44,False,False,False
FOMO/WETH,77508.06,75420.51,244161.01,227524.97,False,False,False
FROG/WBNB,308810.82,305804.86,60147.2,64199.33,False,False,False
SOL/ZBTC,651699.45,651088.27,1195219.7,1223206.46,False,False,False
CBBTC/ZBTC,6200238.41,6196772.49,1804783.24,1859348.4,False,False,False
XBTC/ZBTC,380340.59,380506.84,314840.58,319277.33,False,False,False
WBTC/ZBTC,44119.25,44119.25,26072.18,26072.18,False,False,False
USDC/ZBTC,13066.23,13065.8,12647.01,12385.16,False,False,False
WFRAGBTC/ZBTC,257243.11,257135.81,211781.2,225217.43,False,False,False
MEME/SOL,85034.44,86267.48,12454.51,13598.78,False,False,False
MEME/WETH,72926.56,73426.18,15903.12,15888.19,False,False,False
MEME/USDC,37602.01,37602.01,166750.39,166750.39,False,False,False
CHEEMS/WBNB,8105923.28,8123753.24,570649.43,566610.94,False,False,False
CHEEMS/USDC,48556.11,48194.27,14011.46,13782.68,False,False,False
SOL/TOM,47439.28,47396.42,13969.13,14089.69,False,False,False
NINJA/WHYPE,58544.45,58688.82,25967.74,25963.28,False,False,False
MEOW/WETH,122974.3,118660.22,50504.9,47432.27,False,False,False
MEOW/WAVAX,142737.53,143117.81,116955.9,116360.87,False,False,False
BLACK/MEOW,149751.45,148888.52,30546.57,30527.26,False,False,False
MEOW/SOL,58943.31,58745.62,23927.77,23090.03,False,False,False
APEX/SOL,163281.84,161943.23,37445.75,37375.24,False,False,False
APEX/WETH,179859.06,179094.92,37256.01,37565.05,False,False,False
APEX/USDT,3026907.28,3026778.15,21568.36,21522.93,False,False,False
CELO/UBE,42323.84,42323.84,14448.38,14448.38,False,False,False
JOKE/SOL,8266.77,8262.94,471634.11,471399.66,False,False,False
SOL/SOLC,309498.39,0.0,10928.98,0.0,False,False,False
BLD/OSMO,20182.38,19755.74,12664.86,10930.89,False,False,False
PARTI/WBNB,1469073.62,1463993.5,20562.21,20408.16,False,False,False
PARTI/WETH,943722.74,935869.19,12482.14,12521.89,False,False,False
WETH/WOO,4076961.91,4076961.91,216498.7,225749.41,False,False,False
SBR/SOL,156746.33,155862.12,19542.09,19266.95,False,False,False
SBR/WETH,515103.35,514920.69,116088.38,116357.09,False,False,False
SOL/SSOL,698543.32,694680.3,808551.19,799687.36,False,False,False
MSOL/SOL,12831254.35,12782082.67,10593492.07,10761741.6,False,False,False
MSOL/USDC,1158383.92,1157426.69,3274360.93,3333446.63,False,False,False
JITOSOL/MSOL,700362.7,698362.14,235577.75,226357.91,False,False,False
MSOL/USDT,70516.7,70418.65,13728.54,14021.6,False,False,False
SWARM/VIRTUAL,372190.21,371197.18,17862.8,17610.79,False,False,False
SOL/SWARM,12359.21,11976.7,27714.02,27610.96,False,False,False
BONGO/SOL,772548.98,769777.29,159842.25,169387.87,False,False,False
BONGO/LEGIT,7019969.85,7019969.85,299159.61,299161.18,False,False,False
PORT/VIRTUAL,86099.62,82138.72,57258.48,54229.2,False,False,False
ARIES/SOL,77787.15,77787.15,10758.79,17946.4,False,False,False
SOL/STSOL,110806.9,110412.84,127582.14,129866.25,False,False,False
STSOL/USDC,490704.75,490218.33,94176.46,95456.57,False,False,False
STSOL/USDT,75351.91,75252.77,11632.03,11753.23,False,False,False
SPX/STSOL,57647.38,56832.78,10084.96,10543.12,False,False,False
SCA/USDC,1585862.31,1583163.14,593417.78,596484.22,False,False,False
SCA/SUI,479712.86,476859.88,380434.89,382183.82,False,False,False
ASH/WETH,138654.75,137982.27,90583.56,72629.44,False,False,False
WETH/XEN,187748.57,184924.06,57879.11,60581.62,False,False,False
PLAY/WETH,52086.26,52268.3,25233.39,25849.87,False,False,False
PLAY/USDT,1611648.75,1618527.27,4771936.58,4839955.29,False,False,False
SOLX/WETH,1532314.92,1535498.25,218434.11,209929.99,False,False,False
SOL/SOLX,260163.76,259698.11,38334.48,40120.25,False,False,False
VLT/WETH,69377.78,69316.71,12223.03,11984.19,False,False,False
MNDE/MSOL,2130252.17,2124703.3,179454.17,182849.07,False,False,False
MNDE/USDC,1227059.26,1224412.6,341797.05,343532.5,False,False,False
WETH/XUSD,1364554.57,1364787.67,27704.6,28030.94,False,False,False
USD₮0/XUSD,117883.85,117891.7,40430.21,35518.95,False,False,False
HLP0/XUSD,4082985.45,4071387.99,257610.68,264675.41,False,False,False
USDC/XUSD,79924.65,79942.24,116749.76,116497.58,False,False,False
USDT/XUSD,618108.0,618108.0,55229.61,170042.8,False,False,False
CBBTC/XBTC,6433091.35,6430500.9,3556283.65,3654118.08,False,False,False
USDG/XBTC,8415337.32,8416612.56,2817706.33,2897499.53,False,False,False
JITOSOL/XBTC,1630594.08,1627856.99,1797419.94,1828040.09,False,False,False
APT/XBTC,345747.72,345265.82,62851.43,62265.61,False,False,False
SOL/XBTC,30796.17,29971.11,53831.5,54691.46,False,False,False
USDC/XBTC,1707875.01,2394619.26,1258527.33,1258970.89,False,False,False
SUI/XBTC,1048239.08,796369.18,853455.79,852354.62,False,False,False
WBTC/XBTC,3966229.67,3963177.6,2089387.38,2097265.11,False,False,False
CPR/USDT,8796.49,8951.55,12735.42,12512.39,False,False,False
CPR/WPOL,7176.46,7238.14,18382.89,18055.92,False,False,False
ENT/SOL,288974.85,286220.51,14048.66,14134.32,False,False,False
LIZARD/SOL,316779.74,311815.13,1837063.14,1917660.93,False,False,False
LIZARD/SPX,27065.13,26894.12,13253.68,13400.47,False,False,False
LIZARD/USDC,32071.83,31404.99,39001.77,34938.93,False,False,False
LIZARD/WETH,1055093.6,1074442.13,3050041.39,3057318.5,False,False,False
MOON/SOL,111496.97,105847.87,1044311.1,1557503.15,False,False,False
MOON/WCRO,483170.08,478848.77,120467.4,125916.0,False,False,False
BLISS/SOL,21529.67,24323.75,54185.71,52789.03,False,False,False
DOG/SOL,186895.06,194462.66,941614.36,964973.02,False,False,False
DOG/USDC,1220816.43,1214230.22,62556.0,59503.27,False,False,False
DOG/WETH,6485530.33,0.0,11420.63,0.0,False,False,False
DOG/WSTETH,5034433.76,4999128.98,73792.54,79020.22,False,False,False
SNOW/WETH,213493.6,209289.61,16605.77,16409.04,False,False,False
MSQ/USDT,929814.37,0.0,17220.58,0.0,False,False,False
SOLV/USD1,968322.77,965961.39,273100.96,263865.67,False,False,False
SOLV/WBNB,97301.66,96637.61,15005.01,14533.59,False,False,False
ETH/RED,670598.87,668113.1,34023.26,31381.82,False,False,False
DMTR/WETH,180555.87,180555.87,19471.66,21140.47,False,False,False
JUNGLE/SOL,103591.25,102340.92,15185.72,15420.25,False,False,False
BONK/WETH,170270.37,169462.9,330614.89,327289.07,False,False,False
BONK/SOL,1204591.8,1196215.24,600142.43,638741.38,False,False,False
BONK/SPX,108802.36,108802.36,56076.93,56076.93,False,False,False
BONK/USDC,888479.22,889167.69,285641.13,300048.6,False,False,False
BONK/FARTCOIN ,15789.26,0.0,35344326.0,0.0,False,False,False
BONK/LEGIT,879692.82,879692.82,15211.58,15211.58,False,False,False
BONK/GP,35819.5,35819.5,10468106.38,10469617.26,False,False,False
GST/USDC,126946.63,126993.8,23028.04,27854.89,False,False,False
BOBA/WBNB,72500.52,72500.52,12774.15,13743.28,False,False,False
BOBA/WETH,202615.0,202109.0,53056.55,60447.7,False,False,False
BOBA/USDC,154988.0,155214.0,158902.69,171007.36,False,False,False
LEGIT/SKATE,809846087.84,809846087.84,3324086.13,3324086.13,False,False,False
SKATE/USDC,391958.08,392951.66,329534.52,335886.86,False,False,False
SPELL/WETH,750695.38,734891.5,15943.37,15940.34,False,False,False
CAC/WBNB,80752.94,80752.94,72970.6,72970.6,False,False,False
